{
	"pattrstorage" : 	{
		"name" : "turtle",
		"slots" : 		{
			"1" : 			{
				"id" : 1,
				"data" : 				{
					"torr.render::interval" : [ 16 ],
					"torr.render::enable" : [ 1 ],
					"torr.render::fullscreen" : [ 1 ],
					"torr.render::fps" : [ 60.0 ],
					"torr.render::fsmenubar" : [ 0 ],
					"torr.render::erase_color" : [ 0.0, 0.0, 0.0, 1.0 ],
					"torr.render::output_texture" : [ 0 ],
					"torr.render::output_matrix" : [ 0 ],
					"torr.particles::dim" : [ 10, 10 ],
					"torr.particles::invert" : [ 0.0 ],
					"torr.particles::slideUp" : [ 0.0 ],
					"torr.particles::slideDown" : [ 0.0 ],
					"torr.particles::slide_enable" : [ 1 ],
					"torr.particles::cameraZ" : [ 3.31 ],
					"torr.particles::zPos" : [ 0.5 ],
					"torr.particles::pointmode" : [ 1.0 ],
					"torr.particles::colormode" : [ 0.0 ],
					"torr.particles::point_size" : [ 5.0 ],
					"torr.particles::stepSize" : [ 0.5 ],
					"torr.particles::axes-enable" : [ 1 ],
					"torr.particles::bloom_enable" : [ 1 ],
					"torr.particles::bloom_amt" : [ 3.0 ],
					"torr.particles::blur_width" : [ 1.0, 0.0 ],
					"torr.particles::threshold" : [ 0.6 ],
					"torr.particles::horiz-swirl" : [ 0.1 ],
					"torr.particles::overturning" : [ 0.1 ],
					"torr.particles::deviation" : [ 0.1 ],
					"torr.particles::radius" : [ 1.0 ],
					"torr.particles::pStrength" : [ 0.0 ],
					"torr.particles::asymmetry" : [ 0.5 ],
					"torr.particles::vert-strength" : [ 0.5 ],
					"torr.particles::time-dep" : [ 0.1 ],
					"torr.particles::sigma" : [ 0.1 ],
					"torr.particles::t" : [ 0.1 ],
					"torr.particles::tracer-enable" : [  ]
				}

			}
,
			"2" : 			{
				"id" : 2,
				"data" : 				{
					"torr.render::interval" : [ 16 ],
					"torr.render::enable" : [ 1 ],
					"torr.render::fullscreen" : [ 1 ],
					"torr.render::fps" : [ 60.0 ],
					"torr.render::fsmenubar" : [ 0 ],
					"torr.render::erase_color" : [ 0.0, 0.0, 0.0, 1.0 ],
					"torr.render::output_texture" : [ 0 ],
					"torr.render::output_matrix" : [ 0 ],
					"torr.particles::dim" : [ 10, 10 ],
					"torr.particles::invert" : [ 0.0 ],
					"torr.particles::slideUp" : [ 10.0 ],
					"torr.particles::slideDown" : [ 100.0 ],
					"torr.particles::slide_enable" : [ 1 ],
					"torr.particles::cameraZ" : [ 3.31 ],
					"torr.particles::zPos" : [ 0.5 ],
					"torr.particles::pointmode" : [ 1.0 ],
					"torr.particles::colormode" : [ 0.0 ],
					"torr.particles::point_size" : [ 5.0 ],
					"torr.particles::stepSize" : [ 0.1 ],
					"torr.particles::axes-enable" : [ 1 ],
					"torr.particles::bloom_enable" : [ 1 ],
					"torr.particles::bloom_amt" : [ 3.0 ],
					"torr.particles::blur_width" : [ 1.0, 0.0 ],
					"torr.particles::threshold" : [ 0.6 ],
					"torr.particles::horiz-swirl" : [ 0.1 ],
					"torr.particles::overturning" : [ 0.1 ],
					"torr.particles::deviation" : [ 0.1 ],
					"torr.particles::radius" : [ 1.0 ],
					"torr.particles::pStrength" : [ 0.0 ],
					"torr.particles::asymmetry" : [ 0.5 ],
					"torr.particles::vert-strength" : [ 0.5 ],
					"torr.particles::time-dep" : [ 0.1 ],
					"torr.particles::sigma" : [ 0.1 ],
					"torr.particles::t" : [ 0.1 ],
					"torr.particles::tracer-enable" : [  ]
				}

			}
,
			"3" : 			{
				"id" : 3,
				"data" : 				{
					"torr.render::interval" : [ 16 ],
					"torr.render::enable" : [ 1 ],
					"torr.render::fullscreen" : [ 1 ],
					"torr.render::fps" : [ 60.0 ],
					"torr.render::fsmenubar" : [ 0 ],
					"torr.render::erase_color" : [ 0.0, 0.0, 0.0, 1.0 ],
					"torr.render::output_texture" : [ 0 ],
					"torr.render::output_matrix" : [ 0 ],
					"torr.particles::dim" : [ 100, 100 ],
					"torr.particles::invert" : [ 1.0 ],
					"torr.particles::slideUp" : [ 0.0 ],
					"torr.particles::slideDown" : [ 0.0 ],
					"torr.particles::slide_enable" : [ 1 ],
					"torr.particles::cameraZ" : [ 3.31 ],
					"torr.particles::zPos" : [ 0.5 ],
					"torr.particles::pointmode" : [ 0.0 ],
					"torr.particles::colormode" : [ 1.0 ],
					"torr.particles::point_size" : [ 3.0 ],
					"torr.particles::stepSize" : [ 1.0 ],
					"torr.particles::axes-enable" : [ 1 ],
					"torr.particles::bloom_enable" : [ 1 ],
					"torr.particles::bloom_amt" : [ 3.0 ],
					"torr.particles::blur_width" : [ 1.0, 0.0 ],
					"torr.particles::threshold" : [ 0.6 ],
					"torr.particles::horiz-swirl" : [ 0.1 ],
					"torr.particles::overturning" : [ 0.1 ],
					"torr.particles::deviation" : [ 0.1 ],
					"torr.particles::radius" : [ 1.0 ],
					"torr.particles::pStrength" : [ 0.0 ],
					"torr.particles::asymmetry" : [ 0.5 ],
					"torr.particles::vert-strength" : [ 0.5 ],
					"torr.particles::time-dep" : [ 0.1 ],
					"torr.particles::sigma" : [ 0.1 ],
					"torr.particles::t" : [ 0.1 ],
					"torr.particles::tracer-enable" : [  ]
				}

			}
,
			"4" : 			{
				"id" : 4,
				"data" : 				{
					"torr.render::interval" : [ 16 ],
					"torr.render::enable" : [ 1 ],
					"torr.render::fullscreen" : [ 1 ],
					"torr.render::fps" : [ 60.0 ],
					"torr.render::fsmenubar" : [ 0 ],
					"torr.render::erase_color" : [ 0.0, 0.0, 0.0, 1.0 ],
					"torr.render::output_texture" : [ 0 ],
					"torr.render::output_matrix" : [ 0 ],
					"torr.particles::dim" : [ 100, 100 ],
					"torr.particles::invert" : [ 1.0 ],
					"torr.particles::slideUp" : [ 10.0 ],
					"torr.particles::slideDown" : [ 10.0 ],
					"torr.particles::slide_enable" : [ 1 ],
					"torr.particles::cameraZ" : [ 3.31 ],
					"torr.particles::zPos" : [ 0.001 ],
					"torr.particles::pointmode" : [ 1.0 ],
					"torr.particles::colormode" : [ 0.0 ],
					"torr.particles::point_size" : [ 1.0 ],
					"torr.particles::stepSize" : [ 1.0 ],
					"torr.particles::axes-enable" : [ 1 ],
					"torr.particles::bloom_enable" : [ 1 ],
					"torr.particles::bloom_amt" : [ 3.0 ],
					"torr.particles::blur_width" : [ 1.0, 0.0 ],
					"torr.particles::threshold" : [ 0.6 ],
					"torr.particles::horiz-swirl" : [ 0.1 ],
					"torr.particles::overturning" : [ 0.1 ],
					"torr.particles::deviation" : [ 0.1 ],
					"torr.particles::radius" : [ 1.0 ],
					"torr.particles::pStrength" : [ 0.0 ],
					"torr.particles::asymmetry" : [ 0.5 ],
					"torr.particles::vert-strength" : [ 0.5 ],
					"torr.particles::time-dep" : [ 0.1 ],
					"torr.particles::sigma" : [ 0.1 ],
					"torr.particles::t" : [ 0.1 ],
					"torr.particles::tracer-enable" : [  ]
				}

			}
,
			"5" : 			{
				"id" : 5,
				"data" : 				{
					"torr.render::interval" : [ 16 ],
					"torr.render::enable" : [ 1 ],
					"torr.render::fullscreen" : [ 1 ],
					"torr.render::fps" : [ 60.0 ],
					"torr.render::fsmenubar" : [ 0 ],
					"torr.render::erase_color" : [ 0.0, 0.0, 0.0, 1.0 ],
					"torr.render::output_texture" : [ 0 ],
					"torr.render::output_matrix" : [ 0 ],
					"torr.particles::dim" : [ 100, 100 ],
					"torr.particles::invert" : [ 0.0 ],
					"torr.particles::slideUp" : [ 10.0 ],
					"torr.particles::slideDown" : [ 10.0 ],
					"torr.particles::slide_enable" : [ 1 ],
					"torr.particles::cameraZ" : [ 3.31 ],
					"torr.particles::zPos" : [ 0.999 ],
					"torr.particles::pointmode" : [ 1.0 ],
					"torr.particles::colormode" : [ 0.0 ],
					"torr.particles::point_size" : [ 1.0 ],
					"torr.particles::stepSize" : [ 1.0 ],
					"torr.particles::axes-enable" : [ 1 ],
					"torr.particles::bloom_enable" : [ 1 ],
					"torr.particles::bloom_amt" : [ 3.0 ],
					"torr.particles::blur_width" : [ 1.0, 0.0 ],
					"torr.particles::threshold" : [ 0.6 ],
					"torr.particles::horiz-swirl" : [ 0.1 ],
					"torr.particles::overturning" : [ 0.1 ],
					"torr.particles::deviation" : [ 0.1 ],
					"torr.particles::radius" : [ 1.0 ],
					"torr.particles::pStrength" : [ 0.0 ],
					"torr.particles::asymmetry" : [ 0.5 ],
					"torr.particles::vert-strength" : [ 0.5 ],
					"torr.particles::time-dep" : [ 0.1 ],
					"torr.particles::sigma" : [ 0.1 ],
					"torr.particles::t" : [ 0.1 ],
					"torr.particles::tracer-enable" : [  ]
				}

			}
,
			"6" : 			{
				"id" : 6,
				"data" : 				{
					"torr.render::interval" : [ 16 ],
					"torr.render::enable" : [ 1 ],
					"torr.render::fullscreen" : [ 1 ],
					"torr.render::fps" : [ 60.0 ],
					"torr.render::fsmenubar" : [ 0 ],
					"torr.render::erase_color" : [ 0.0, 0.0, 0.0, 1.0 ],
					"torr.render::output_texture" : [ 0 ],
					"torr.render::output_matrix" : [ 0 ],
					"torr.particles::dim" : [ 400, 400 ],
					"torr.particles::invert" : [ 1.0 ],
					"torr.particles::slideUp" : [ 0.0 ],
					"torr.particles::slideDown" : [ 10.0 ],
					"torr.particles::slide_enable" : [ 1 ],
					"torr.particles::cameraZ" : [ 1.2 ],
					"torr.particles::zPos" : [ 0.999 ],
					"torr.particles::pointmode" : [ 0.0 ],
					"torr.particles::colormode" : [ 1.0 ],
					"torr.particles::point_size" : [ 5.0 ],
					"torr.particles::stepSize" : [ 0.5 ],
					"torr.particles::axes-enable" : [ 0 ],
					"torr.particles::bloom_enable" : [ 1 ],
					"torr.particles::bloom_amt" : [ 3.0 ],
					"torr.particles::blur_width" : [ 2.0, 0.0 ],
					"torr.particles::threshold" : [ 0.6 ],
					"torr.particles::horiz-swirl" : [ 0.1 ],
					"torr.particles::overturning" : [ 0.1 ],
					"torr.particles::deviation" : [ 0.1 ],
					"torr.particles::radius" : [ 1.0 ],
					"torr.particles::pStrength" : [ 0.0 ],
					"torr.particles::asymmetry" : [ 0.5 ],
					"torr.particles::vert-strength" : [ 0.5 ],
					"torr.particles::time-dep" : [ 0.1 ],
					"torr.particles::sigma" : [ 0.1 ],
					"torr.particles::t" : [ 0.1 ],
					"torr.particles::tracer-enable" : [  ]
				}

			}
,
			"7" : 			{
				"id" : 7,
				"data" : 				{
					"torr.render::interval" : [ 16 ],
					"torr.render::enable" : [ 1 ],
					"torr.render::fullscreen" : [ 1 ],
					"torr.render::fps" : [ 60.0 ],
					"torr.render::fsmenubar" : [ 0 ],
					"torr.render::erase_color" : [ 0.0, 0.0, 0.0, 1.0 ],
					"torr.render::output_texture" : [ 0 ],
					"torr.render::output_matrix" : [ 0 ],
					"torr.particles::dim" : [ 750, 750 ],
					"torr.particles::invert" : [ 1.0 ],
					"torr.particles::slideUp" : [ 50.0 ],
					"torr.particles::slideDown" : [ 50.0 ],
					"torr.particles::slide_enable" : [ 1 ],
					"torr.particles::cameraZ" : [ 3.31 ],
					"torr.particles::zPos" : [ 0.5 ],
					"torr.particles::pointmode" : [ 1.0 ],
					"torr.particles::colormode" : [ 0.0 ],
					"torr.particles::point_size" : [ 1.0 ],
					"torr.particles::stepSize" : [ 0.5 ],
					"torr.particles::axes-enable" : [ 1 ],
					"torr.particles::bloom_enable" : [ 1 ],
					"torr.particles::bloom_amt" : [ 1.0 ],
					"torr.particles::blur_width" : [ 1.0, 0.0 ],
					"torr.particles::threshold" : [ 0.6 ],
					"torr.particles::horiz-swirl" : [ 0.1 ],
					"torr.particles::overturning" : [ 0.1 ],
					"torr.particles::deviation" : [ 0.1 ],
					"torr.particles::radius" : [ 1.0 ],
					"torr.particles::pStrength" : [ 0.0 ],
					"torr.particles::asymmetry" : [ 0.5 ],
					"torr.particles::vert-strength" : [ 0.5 ],
					"torr.particles::time-dep" : [ 0.1 ],
					"torr.particles::sigma" : [ 0.1 ],
					"torr.particles::t" : [ 0.1 ],
					"torr.particles::tracer-enable" : [  ]
				}

			}
,
			"8" : 			{
				"id" : 8,
				"data" : 				{
					"torr.render::interval" : [ 16 ],
					"torr.render::enable" : [ 1 ],
					"torr.render::fullscreen" : [ 1 ],
					"torr.render::fps" : [ 60.0 ],
					"torr.render::fsmenubar" : [ 0 ],
					"torr.render::erase_color" : [ 0.0, 0.0, 0.0, 1.0 ],
					"torr.render::output_texture" : [ 0 ],
					"torr.render::output_matrix" : [ 0 ],
					"torr.particles::dim" : [ 400, 400 ],
					"torr.particles::invert" : [ 1.0 ],
					"torr.particles::slideUp" : [ 50.0 ],
					"torr.particles::slideDown" : [ 50.0 ],
					"torr.particles::slide_enable" : [ 1 ],
					"torr.particles::cameraZ" : [ 3.31 ],
					"torr.particles::zPos" : [ 0.5 ],
					"torr.particles::pointmode" : [ 0.0 ],
					"torr.particles::colormode" : [ 1.0 ],
					"torr.particles::point_size" : [ 3.0 ],
					"torr.particles::stepSize" : [ 1.0 ],
					"torr.particles::axes-enable" : [ 0 ],
					"torr.particles::bloom_enable" : [ 1 ],
					"torr.particles::bloom_amt" : [ 0.5 ],
					"torr.particles::blur_width" : [ 1.0, 0.0 ],
					"torr.particles::threshold" : [ 0.6 ],
					"torr.particles::horiz-swirl" : [ 0.1 ],
					"torr.particles::overturning" : [ 0.1 ],
					"torr.particles::deviation" : [ 0.1 ],
					"torr.particles::radius" : [ 1.0 ],
					"torr.particles::pStrength" : [ 0.0 ],
					"torr.particles::asymmetry" : [ 0.5 ],
					"torr.particles::vert-strength" : [ 0.5 ],
					"torr.particles::time-dep" : [ 0.1 ],
					"torr.particles::sigma" : [ 0.1 ],
					"torr.particles::t" : [ 0.1 ],
					"torr.particles::tracer-enable" : [  ]
				}

			}
,
			"9" : 			{
				"id" : 9,
				"data" : 				{
					"torr.render::interval" : [ 16 ],
					"torr.render::enable" : [ 1 ],
					"torr.render::fullscreen" : [ 1 ],
					"torr.render::fps" : [ 60.0 ],
					"torr.render::fsmenubar" : [ 0 ],
					"torr.render::erase_color" : [ 0.0, 0.0, 0.0, 1.0 ],
					"torr.render::output_texture" : [ 0 ],
					"torr.render::output_matrix" : [ 0 ],
					"torr.particles::dim" : [ 10, 10 ],
					"torr.particles::invert" : [ 1.0 ],
					"torr.particles::slideUp" : [ 10.0 ],
					"torr.particles::slideDown" : [ 100.0 ],
					"torr.particles::slide_enable" : [ 1 ],
					"torr.particles::cameraZ" : [ 3.31 ],
					"torr.particles::zPos" : [ 0.5 ],
					"torr.particles::pointmode" : [ 1.0 ],
					"torr.particles::colormode" : [ 0.0 ],
					"torr.particles::point_size" : [ 20.0 ],
					"torr.particles::stepSize" : [ 1.0 ],
					"torr.particles::axes-enable" : [ 0 ],
					"torr.particles::bloom_enable" : [ 1 ],
					"torr.particles::bloom_amt" : [ 3.0 ],
					"torr.particles::blur_width" : [ 1.0, 0.0 ],
					"torr.particles::threshold" : [ 0.6 ],
					"torr.particles::horiz-swirl" : [ 0.1 ],
					"torr.particles::overturning" : [ 0.1 ],
					"torr.particles::deviation" : [ 0.1 ],
					"torr.particles::radius" : [ 1.0 ],
					"torr.particles::pStrength" : [ 0.0 ],
					"torr.particles::asymmetry" : [ 0.5 ],
					"torr.particles::vert-strength" : [ 0.5 ],
					"torr.particles::time-dep" : [ 0.1 ],
					"torr.particles::sigma" : [ 0.1 ],
					"torr.particles::t" : [ 0.1 ],
					"torr.particles::tracer-enable" : [  ]
				}

			}
,
			"10" : 			{
				"id" : 10,
				"data" : 				{
					"torr.render::interval" : [ 16 ],
					"torr.render::enable" : [ 1 ],
					"torr.render::fullscreen" : [ 1 ],
					"torr.render::fps" : [ 60.0 ],
					"torr.render::fsmenubar" : [ 0 ],
					"torr.render::erase_color" : [ 0.0, 0.0, 0.0, 1.0 ],
					"torr.render::output_texture" : [ 0 ],
					"torr.render::output_matrix" : [ 0 ],
					"torr.particles::dim" : [ 50, 50 ],
					"torr.particles::invert" : [ 1.0 ],
					"torr.particles::slideUp" : [ 10.0 ],
					"torr.particles::slideDown" : [ 100.0 ],
					"torr.particles::slide_enable" : [ 1 ],
					"torr.particles::cameraZ" : [ 3.31 ],
					"torr.particles::zPos" : [ 0.5 ],
					"torr.particles::pointmode" : [ 0.0 ],
					"torr.particles::colormode" : [ 1.0 ],
					"torr.particles::point_size" : [ 0.0 ],
					"torr.particles::stepSize" : [ 1.0 ],
					"torr.particles::axes-enable" : [ 0 ],
					"torr.particles::bloom_enable" : [ 1 ],
					"torr.particles::bloom_amt" : [ 3.0 ],
					"torr.particles::blur_width" : [ 1.0, 0.0 ],
					"torr.particles::threshold" : [ 0.6 ],
					"torr.particles::horiz-swirl" : [ 0.1 ],
					"torr.particles::overturning" : [ 0.1 ],
					"torr.particles::deviation" : [ 0.1 ],
					"torr.particles::radius" : [ 1.0 ],
					"torr.particles::pStrength" : [ 0.0 ],
					"torr.particles::asymmetry" : [ 0.5 ],
					"torr.particles::vert-strength" : [ 0.5 ],
					"torr.particles::time-dep" : [ 0.1 ],
					"torr.particles::sigma" : [ 0.1 ],
					"torr.particles::t" : [ 0.1 ],
					"torr.particles::tracer-enable" : [  ]
				}

			}
,
			"11" : 			{
				"id" : 11,
				"data" : 				{
					"torr.render::interval" : [ 16 ],
					"torr.render::enable" : [ 1 ],
					"torr.render::fullscreen" : [ 1 ],
					"torr.render::fps" : [ 60.0 ],
					"torr.render::fsmenubar" : [ 0 ],
					"torr.render::erase_color" : [ 0.0, 0.0, 0.0, 1.0 ],
					"torr.render::output_texture" : [ 0 ],
					"torr.render::output_matrix" : [ 0 ],
					"torr.particles::dim" : [ 50, 50 ],
					"torr.particles::invert" : [ 1.0 ],
					"torr.particles::slideUp" : [ 10.0 ],
					"torr.particles::slideDown" : [ 100.0 ],
					"torr.particles::slide_enable" : [ 1 ],
					"torr.particles::cameraZ" : [ 3.31 ],
					"torr.particles::zPos" : [ 0.5 ],
					"torr.particles::pointmode" : [ 1.0 ],
					"torr.particles::colormode" : [ 1.0 ],
					"torr.particles::point_size" : [ 5.0 ],
					"torr.particles::stepSize" : [ 1.0 ],
					"torr.particles::axes-enable" : [ 0 ],
					"torr.particles::bloom_enable" : [ 1 ],
					"torr.particles::bloom_amt" : [ 3.0 ],
					"torr.particles::blur_width" : [ 1.0, 0.0 ],
					"torr.particles::threshold" : [ 0.6 ],
					"torr.particles::horiz-swirl" : [ 0.1 ],
					"torr.particles::overturning" : [ 0.1 ],
					"torr.particles::deviation" : [ 0.1 ],
					"torr.particles::radius" : [ 1.0 ],
					"torr.particles::pStrength" : [ 0.0 ],
					"torr.particles::asymmetry" : [ 0.5 ],
					"torr.particles::vert-strength" : [ 0.5 ],
					"torr.particles::time-dep" : [ 0.1 ],
					"torr.particles::sigma" : [ 0.1 ],
					"torr.particles::t" : [ 0.1 ],
					"torr.particles::tracer-enable" : [  ]
				}

			}
,
			"12" : 			{
				"id" : 12,
				"data" : 				{
					"torr.render::interval" : [ 16 ],
					"torr.render::enable" : [ 1 ],
					"torr.render::fullscreen" : [ 1 ],
					"torr.render::fps" : [ 60.0 ],
					"torr.render::fsmenubar" : [ 0 ],
					"torr.render::erase_color" : [ 0.0, 0.0, 0.0, 1.0 ],
					"torr.render::output_texture" : [ 0 ],
					"torr.render::output_matrix" : [ 0 ],
					"torr.particles::dim" : [ 100, 100 ],
					"torr.particles::invert" : [ 0.0 ],
					"torr.particles::slideUp" : [ 10.0 ],
					"torr.particles::slideDown" : [ 50.0 ],
					"torr.particles::slide_enable" : [ 1 ],
					"torr.particles::cameraZ" : [ 2.77 ],
					"torr.particles::zPos" : [ 0.1 ],
					"torr.particles::pointmode" : [ 0.0 ],
					"torr.particles::colormode" : [ 1.0 ],
					"torr.particles::point_size" : [ 1.0 ],
					"torr.particles::stepSize" : [ 1.0 ],
					"torr.particles::axes-enable" : [ 0 ],
					"torr.particles::bloom_enable" : [ 1 ],
					"torr.particles::bloom_amt" : [ 3.0 ],
					"torr.particles::blur_width" : [ 0.5, 0.0 ],
					"torr.particles::threshold" : [ 0.6 ],
					"torr.particles::horiz-swirl" : [ 0.2 ],
					"torr.particles::overturning" : [ 0.2 ],
					"torr.particles::deviation" : [ 0.1 ],
					"torr.particles::radius" : [ 1.0 ],
					"torr.particles::pStrength" : [ 0.0 ],
					"torr.particles::asymmetry" : [ 0.5 ],
					"torr.particles::vert-strength" : [ 0.5 ],
					"torr.particles::time-dep" : [ 0.1 ],
					"torr.particles::sigma" : [ 0.1 ],
					"torr.particles::t" : [ 0.1 ],
					"torr.particles::tracer-enable" : [  ]
				}

			}
,
			"13" : 			{
				"id" : 13,
				"data" : 				{
					"torr.render::interval" : [ 16 ],
					"torr.render::enable" : [ 1 ],
					"torr.render::fullscreen" : [ 1 ],
					"torr.render::fps" : [ 60.0 ],
					"torr.render::fsmenubar" : [ 0 ],
					"torr.render::erase_color" : [ 0.0, 0.0, 0.0, 1.0 ],
					"torr.render::output_texture" : [ 0 ],
					"torr.render::output_matrix" : [ 0 ],
					"torr.particles::dim" : [ 100, 100 ],
					"torr.particles::invert" : [ 1.0 ],
					"torr.particles::slideUp" : [ 10.0 ],
					"torr.particles::slideDown" : [ 50.0 ],
					"torr.particles::slide_enable" : [ 1 ],
					"torr.particles::cameraZ" : [ 2.77 ],
					"torr.particles::zPos" : [ 0.5 ],
					"torr.particles::pointmode" : [ 1.0 ],
					"torr.particles::colormode" : [ 0.0 ],
					"torr.particles::point_size" : [ 1.0 ],
					"torr.particles::stepSize" : [ 0.1 ],
					"torr.particles::axes-enable" : [ 0 ],
					"torr.particles::bloom_enable" : [ 1 ],
					"torr.particles::bloom_amt" : [ 3.0 ],
					"torr.particles::blur_width" : [ 0.5, 0.0 ],
					"torr.particles::threshold" : [ 0.6 ],
					"torr.particles::horiz-swirl" : [ 1.0 ],
					"torr.particles::overturning" : [ 1.0 ],
					"torr.particles::deviation" : [ 0.1 ],
					"torr.particles::radius" : [ 1.0 ],
					"torr.particles::pStrength" : [ 0.0 ],
					"torr.particles::asymmetry" : [ 0.5 ],
					"torr.particles::vert-strength" : [ 0.5 ],
					"torr.particles::time-dep" : [ 0.1 ],
					"torr.particles::sigma" : [ 0.1 ],
					"torr.particles::t" : [ 0.1 ],
					"torr.particles::tracer-enable" : [  ]
				}

			}
,
			"14" : 			{
				"id" : 14,
				"data" : 				{
					"torr.render::interval" : [ 16 ],
					"torr.render::enable" : [ 1 ],
					"torr.render::fullscreen" : [ 1 ],
					"torr.render::fps" : [ 60.0 ],
					"torr.render::fsmenubar" : [ 0 ],
					"torr.render::erase_color" : [ 0.0, 0.0, 0.0, 1.0 ],
					"torr.render::output_texture" : [ 0 ],
					"torr.render::output_matrix" : [ 0 ],
					"torr.particles::dim" : [ 100, 100 ],
					"torr.particles::invert" : [ 1.0 ],
					"torr.particles::slideUp" : [ 0.0 ],
					"torr.particles::slideDown" : [ 0.0 ],
					"torr.particles::slide_enable" : [ 1 ],
					"torr.particles::cameraZ" : [ 3.31 ],
					"torr.particles::zPos" : [ 0.5 ],
					"torr.particles::pointmode" : [ 0.0 ],
					"torr.particles::colormode" : [ 1.0 ],
					"torr.particles::point_size" : [ 3.0 ],
					"torr.particles::stepSize" : [ 1.0 ],
					"torr.particles::axes-enable" : [ 1 ],
					"torr.particles::bloom_enable" : [ 1 ],
					"torr.particles::bloom_amt" : [ 3.0 ],
					"torr.particles::blur_width" : [ 1.0, 0.0 ],
					"torr.particles::threshold" : [ 0.6 ],
					"torr.particles::horiz-swirl" : [ 0.1 ],
					"torr.particles::overturning" : [ 0.1 ],
					"torr.particles::deviation" : [ 0.1 ],
					"torr.particles::radius" : [ 1.0 ],
					"torr.particles::pStrength" : [ 0.1 ],
					"torr.particles::asymmetry" : [ 0.5 ],
					"torr.particles::vert-strength" : [ 0.5 ],
					"torr.particles::time-dep" : [ 0.1 ],
					"torr.particles::sigma" : [ 0.1 ],
					"torr.particles::t" : [ 0.1 ],
					"torr.particles::tracer-enable" : [  ]
				}

			}
,
			"15" : 			{
				"id" : 15,
				"data" : 				{
					"torr.render::interval" : [ 16 ],
					"torr.render::enable" : [ 1 ],
					"torr.render::fullscreen" : [ 1 ],
					"torr.render::fps" : [ 60.0 ],
					"torr.render::fsmenubar" : [ 0 ],
					"torr.render::erase_color" : [ 0.0, 0.0, 0.0, 1.0 ],
					"torr.render::output_texture" : [ 0 ],
					"torr.render::output_matrix" : [ 0 ],
					"torr.particles::dim" : [ 400, 400 ],
					"torr.particles::invert" : [ 1.0 ],
					"torr.particles::slideUp" : [ 50.0 ],
					"torr.particles::slideDown" : [ 50.0 ],
					"torr.particles::slide_enable" : [ 1 ],
					"torr.particles::cameraZ" : [ 3.31 ],
					"torr.particles::zPos" : [ 0.5 ],
					"torr.particles::pointmode" : [ 0.0 ],
					"torr.particles::colormode" : [ 1.0 ],
					"torr.particles::point_size" : [ 3.0 ],
					"torr.particles::stepSize" : [ 1.0 ],
					"torr.particles::axes-enable" : [ 0 ],
					"torr.particles::bloom_enable" : [ 1 ],
					"torr.particles::bloom_amt" : [ 0.5 ],
					"torr.particles::blur_width" : [ 1.0, 0.0 ],
					"torr.particles::threshold" : [ 0.6 ],
					"torr.particles::horiz-swirl" : [ 0.1 ],
					"torr.particles::overturning" : [ 0.1 ],
					"torr.particles::deviation" : [ 0.1 ],
					"torr.particles::radius" : [ 1.0 ],
					"torr.particles::pStrength" : [ 0.1 ],
					"torr.particles::asymmetry" : [ 0.5 ],
					"torr.particles::vert-strength" : [ 0.5 ],
					"torr.particles::time-dep" : [ 0.1 ],
					"torr.particles::sigma" : [ 0.1 ],
					"torr.particles::t" : [ 0.1 ],
					"torr.particles::tracer-enable" : [  ]
				}

			}

		}

	}

}
